-- MySQL dump 10.13  Distrib 8.0.21, for macos10.15 (x86_64)
--
-- Host: localhost    Database: yashi_db
-- ------------------------------------------------------
-- Server version	8.0.21

/*!40101 SET @OLD_CHARACTER_SET_CLIENT=@@CHARACTER_SET_CLIENT */;
/*!40101 SET @OLD_CHARACTER_SET_RESULTS=@@CHARACTER_SET_RESULTS */;
/*!40101 SET @OLD_COLLATION_CONNECTION=@@COLLATION_CONNECTION */;
/*!50503 SET NAMES utf8mb4 */;
/*!40103 SET @OLD_TIME_ZONE=@@TIME_ZONE */;
/*!40103 SET TIME_ZONE='+00:00' */;
/*!40014 SET @OLD_UNIQUE_CHECKS=@@UNIQUE_CHECKS, UNIQUE_CHECKS=0 */;
/*!40014 SET @OLD_FOREIGN_KEY_CHECKS=@@FOREIGN_KEY_CHECKS, FOREIGN_KEY_CHECKS=0 */;
/*!40101 SET @OLD_SQL_MODE=@@SQL_MODE, SQL_MODE='NO_AUTO_VALUE_ON_ZERO' */;
/*!40111 SET @OLD_SQL_NOTES=@@SQL_NOTES, SQL_NOTES=0 */;

--
-- Current Database: `yashi_db`
--

CREATE DATABASE /*!32312 IF NOT EXISTS*/ `yashi_db` /*!40100 DEFAULT CHARACTER SET utf8mb4 COLLATE utf8mb4_0900_ai_ci */ /*!80016 DEFAULT ENCRYPTION='N' */;

USE `yashi_db`;

--
-- Table structure for table `zz__yashi_cgn`
--

DROP TABLE IF EXISTS `zz__yashi_cgn`;
/*!40101 SET @saved_cs_client     = @@character_set_client */;
/*!50503 SET character_set_client = utf8mb4 */;
CREATE TABLE `zz__yashi_cgn` (
  `campaign_id` int unsigned NOT NULL AUTO_INCREMENT,
  `yashi_campaign_id` int unsigned DEFAULT NULL,
  `name` varchar(255) DEFAULT NULL,
  `yashi_advertiser_id` int unsigned DEFAULT NULL,
  `advertiser_name` varchar(100) DEFAULT NULL,
  PRIMARY KEY (`campaign_id`)
) ENGINE=InnoDB AUTO_INCREMENT=546 DEFAULT CHARSET=utf8;
/*!40101 SET character_set_client = @saved_cs_client */;

--
-- Dumping data for table `zz__yashi_cgn`
--

LOCK TABLES `zz__yashi_cgn` WRITE;
/*!40000 ALTER TABLE `zz__yashi_cgn` DISABLE KEYS */;
INSERT INTO `zz__yashi_cgn` VALUES (537,3518,'Potter & Anderson Jewelers-WMBD-Video-Apr-June16',9528,'Potter & Anderson Jewelers-WMBD'),(538,3507,'Roberts Communication-B2B-WROC-Video-Apr-June16',9518,'Roberts Communication-B2B-WROC'),(539,1531,'KAMR_TexasPlainsFederalCreditUnion_Video_July15-June16',8334,'Presley Watkins'),(540,3742,'HTCDG-WaynesAppliance-May16',8876,'Hometown Choice'),(541,3745,'HTCDG-Fischer\'sFurniture-May16',8876,'Hometown Choice'),(542,3746,'Dixons-May16',8876,'Hometown Choice'),(543,3767,'BaldwinAppliance_May16',8876,'Hometown Choice'),(544,3768,'GreenRiverAppliance-May16',8876,'Hometown Choice'),(545,3802,'Central Valley Crime Stoppers_May2016',9656,'Central Valley Crime Stoppers-KSEE');
/*!40000 ALTER TABLE `zz__yashi_cgn` ENABLE KEYS */;
UNLOCK TABLES;

--
-- Table structure for table `zz__yashi_cgn_data`
--

DROP TABLE IF EXISTS `zz__yashi_cgn_data`;
/*!40101 SET @saved_cs_client     = @@character_set_client */;
/*!50503 SET character_set_client = utf8mb4 */;
CREATE TABLE `zz__yashi_cgn_data` (
  `id` int NOT NULL AUTO_INCREMENT,
  `campaign_id` int unsigned DEFAULT NULL,
  `log_date` int DEFAULT NULL,
  `impression_count` int DEFAULT NULL,
  `click_count` int DEFAULT NULL,
  `25viewed_count` int DEFAULT NULL,
  `50viewed_count` int DEFAULT NULL,
  `75viewed_count` int DEFAULT NULL,
  `100viewed_count` int DEFAULT NULL,
  PRIMARY KEY (`id`),
  UNIQUE KEY `campaign_id_UNIQUE` (`campaign_id`,`log_date`),
  KEY `fk_zz__yashi_cgn_data_campaign_id_idx` (`campaign_id`),
  CONSTRAINT `fk_zz__yashi_cgn_campaign_id` FOREIGN KEY (`campaign_id`) REFERENCES `zz__yashi_cgn` (`campaign_id`) ON DELETE CASCADE
) ENGINE=InnoDB AUTO_INCREMENT=163 DEFAULT CHARSET=utf8;
/*!40101 SET character_set_client = @saved_cs_client */;

--
-- Dumping data for table `zz__yashi_cgn_data`
--

LOCK TABLES `zz__yashi_cgn_data` WRITE;
/*!40000 ALTER TABLE `zz__yashi_cgn_data` DISABLE KEYS */;
INSERT INTO `zz__yashi_cgn_data` VALUES (82,537,1462075200,641,3,554,556,530,485),(83,538,1462075200,223,0,191,194,190,193),(84,539,1462075200,83,0,74,77,73,68),(85,538,1462248000,99,0,90,92,87,84),(86,537,1462248000,1130,4,978,944,888,846),(87,539,1462248000,116,0,99,95,94,89),(88,538,1462507200,94,0,82,81,77,72),(89,537,1462507200,844,0,743,720,688,659),(90,539,1462507200,73,0,64,68,65,60),(91,538,1462680000,98,0,90,81,79,78),(92,537,1462680000,732,0,657,636,611,569),(93,539,1462680000,59,0,52,52,46,46),(94,538,1462852800,105,0,85,91,87,85),(95,537,1462852800,1131,0,996,949,891,841),(96,539,1462852800,48,0,42,39,40,37),(97,538,1463025600,97,0,81,80,70,61),(98,537,1463025600,1073,1,917,882,833,785),(99,539,1463025600,86,0,77,76,72,70),(100,538,1463198400,208,0,191,188,173,162),(101,537,1463198400,712,0,614,601,559,520),(102,539,1463198400,87,0,79,73,67,58),(103,538,1463371200,206,0,183,177,159,155),(104,537,1463371200,1182,0,1021,1009,949,905),(105,539,1463371200,224,0,195,185,170,157),(106,538,1463544000,204,0,175,179,166,156),(107,537,1463544000,1038,0,900,884,845,800),(108,540,1463544000,634,6,504,477,454,422),(109,541,1463544000,667,3,453,403,361,335),(110,542,1463544000,608,2,490,457,440,405),(111,539,1463544000,243,0,203,194,183,173),(112,538,1463716800,207,0,186,180,170,166),(113,537,1463716800,979,0,874,852,817,754),(114,540,1463716800,1621,9,1290,1190,1126,997),(115,541,1463716800,1597,5,977,796,675,595),(116,542,1463716800,1603,9,1266,1155,1069,962),(117,543,1463716800,114,0,92,82,75,69),(118,544,1463716800,149,1,89,78,72,64),(119,539,1463716800,64,0,58,54,52,45),(120,538,1463889600,204,0,184,181,172,159),(121,537,1463889600,644,0,547,535,505,470),(122,540,1463889600,1614,8,1312,1174,1090,988),(123,541,1463889600,1620,1,1091,931,816,727),(124,542,1463889600,1590,9,1231,1116,1032,917),(125,543,1463889600,105,1,80,68,60,54),(126,544,1463889600,233,0,162,141,133,124),(127,539,1463889600,92,0,82,77,75,65),(128,538,1464062400,208,0,171,167,158,148),(129,537,1464062400,708,1,612,607,578,541),(130,540,1464062400,1585,5,1286,1175,1097,965),(131,541,1464062400,1612,5,1124,939,838,766),(132,542,1464062400,1594,13,1272,1157,1079,990),(133,543,1464062400,244,1,199,180,160,130),(134,544,1464062400,210,1,136,115,100,90),(135,539,1464062400,79,0,70,66,62,58),(136,545,1464235200,3428,13,2312,2144,1959,1779),(137,540,1464235200,7,1,5,3,3,3),(138,541,1464235200,1582,2,890,772,683,601),(139,542,1464235200,1590,15,1235,1136,1057,976),(140,543,1464235200,3726,13,2748,2440,2229,1878),(141,544,1464235200,1802,4,947,805,706,625),(142,538,1464235200,206,0,190,182,167,150),(143,537,1464235200,128,0,114,119,112,107),(144,539,1464235200,72,1,62,62,53,50),(145,545,1464408000,3355,10,2173,1980,1830,1628),(146,540,1464408000,200,3,162,145,137,124),(147,541,1464408000,1550,6,975,865,777,711),(148,542,1464408000,1635,13,1311,1233,1170,1060),(149,543,1464408000,1771,8,1254,1151,1056,928),(150,544,1464408000,1835,2,1090,955,873,772),(151,538,1464408000,205,1,187,181,175,160),(152,537,1464408000,147,0,138,138,136,130),(153,539,1464408000,76,0,74,74,71,63),(154,545,1464580800,3330,16,2261,2002,1841,1681),(155,540,1464580800,108,1,81,65,61,52),(156,541,1464580800,1892,3,1320,1183,1036,937),(157,542,1464580800,1867,8,1408,1316,1233,1133),(158,543,1464580800,4257,13,3184,2869,2638,2298),(159,544,1464580800,2132,6,1372,1238,1149,1022),(160,538,1464580800,206,0,182,178,186,161),(161,537,1464580800,43,0,35,34,28,21),(162,539,1464580800,90,0,80,76,71,62);
/*!40000 ALTER TABLE `zz__yashi_cgn_data` ENABLE KEYS */;
UNLOCK TABLES;

--
-- Table structure for table `zz__yashi_creative`
--

DROP TABLE IF EXISTS `zz__yashi_creative`;
/*!40101 SET @saved_cs_client     = @@character_set_client */;
/*!50503 SET character_set_client = utf8mb4 */;
CREATE TABLE `zz__yashi_creative` (
  `creative_id` int unsigned NOT NULL AUTO_INCREMENT,
  `order_id` int unsigned DEFAULT NULL,
  `yashi_creative_id` int DEFAULT NULL,
  `name` varchar(255) DEFAULT NULL,
  `preview_url` varchar(255) DEFAULT NULL,
  PRIMARY KEY (`creative_id`),
  KEY `fk_zz__yashi_creative_order_id_idx` (`order_id`),
  CONSTRAINT `fk_zz__yashi_creative_order_id` FOREIGN KEY (`order_id`) REFERENCES `zz__yashi_order` (`order_id`) ON DELETE CASCADE
) ENGINE=InnoDB AUTO_INCREMENT=57 DEFAULT CHARSET=utf8;
/*!40101 SET character_set_client = @saved_cs_client */;

--
-- Dumping data for table `zz__yashi_creative`
--

LOCK TABLES `zz__yashi_creative` WRITE;
/*!40000 ALTER TABLE `zz__yashi_creative` DISABLE KEYS */;
INSERT INTO `zz__yashi_creative` VALUES (29,17,8805,'P&A 15s-Potter & Anderson-WMBD','https://platform.yashi.com/advertiser/creatives/preview/28e6d6214a59339c15b7fde36f6b2a3faa19130c5d000d260e3e3c080009f896'),(30,18,8752,'RGE_Conveyor_15','https://platform.yashi.com/advertiser/creatives/preview/59d92ae1dfa9d7a3373467cb71d7338dfead671e8430e191191ef0a96a70b8d0'),(31,18,8751,'NYSEG_Conveyor_15','https://platform.yashi.com/advertiser/creatives/preview/57aea80e4225332e6d2f59fd9d30352c2bb26f253267da84f53baa23947e359e'),(32,19,8768,'RGE_Conveyor_15','https://platform.yashi.com/advertiser/creatives/preview/176f8a78d850793fbfa4fbc4e7dd53a35b80a1ecc0a1feba4e8629452e4991e7'),(33,19,8767,'NYSEG_Conveyor_15','https://platform.yashi.com/advertiser/creatives/preview/8500bf912ae10d72e7e6debf37e268267ff254eddbd35b7b0829d917f04c75e1'),(34,20,8739,'RGE_Conveyor_15','https://platform.yashi.com/advertiser/creatives/preview/b936e2718eba8fa518522884fe5daa2b5ed439a7f5094229fce3cdd82f21b37d'),(35,20,8738,'NYSEG_Conveyor_15','https://platform.yashi.com/advertiser/creatives/preview/cf5063277263bdcdb8af0494be5ec3cae9bc127badf471fbdb12717b831a4d5e'),(36,21,8746,'RGE_Conveyor_15','https://platform.yashi.com/advertiser/creatives/preview/92375ae6bb58bdab67056ed2b79bc807571df75a96bd9ab8d03fa0239b8096b6'),(37,21,8745,'NYSEG_Conveyor_15','https://platform.yashi.com/advertiser/creatives/preview/c2cdd9fe40ff6287f3ff0dda6fc8b400edb81eb83e959f7868b4a3d3ab9ea4de'),(38,22,8741,'RGE_Conveyor_15','https://platform.yashi.com/advertiser/creatives/preview/bb0c03028b0eb01341e12f6d307fd2bf31125d45fe3d36fa72931fabbe58fa13'),(39,22,8740,'NYSEG_Conveyor_15','https://platform.yashi.com/advertiser/creatives/preview/51185296a5928caaa5067df8ba47ef4ce7bf923b561f44fb08fc14510318703e'),(40,23,8750,'RGE_Conveyor_15','https://platform.yashi.com/advertiser/creatives/preview/c89469f1b6ecd1c0509ef34818a4f5e0c09de2b670079c27228b115270b22d92'),(41,23,8749,'NYSEG_Conveyor_15','https://platform.yashi.com/advertiser/creatives/preview/99c344a228f013667b6bfba0fc9cd5239efa3224d55e60817059a69053f59b7f'),(42,24,7637,'Tulia','https://platform.yashi.com/advertiser/creatives/preview/aea04c84e4b6e42b2d5ef16e73a034e5815f965cca4394ecf45bfe1254e7b655'),(43,24,7636,'Floydada','https://platform.yashi.com/advertiser/creatives/preview/96ee6ab9dea52b1360ed2277f0cb7eefc87010a0227ede2bac331a696c88524d'),(44,24,7635,'Crosbyton','https://platform.yashi.com/advertiser/creatives/preview/431de62c7c63dd2170d47b220180ecb3664b68d658abb60917a8bbf6c1d7eb04'),(45,24,7634,'Amarillo','https://platform.yashi.com/advertiser/creatives/preview/7da4c750536903cfb5773b762d522bd34c59f93ed67c6055caa3a2b385284b32'),(46,25,8743,'RGE_Conveyor_15','https://platform.yashi.com/advertiser/creatives/preview/7b84251d7c7389c048ecb02127b53a3b1bdd120521853a4aa4af6b4b8aa834a5'),(47,25,8742,'NYSEG_Conveyor_15','https://platform.yashi.com/advertiser/creatives/preview/4106ea298b4a7046fc5113a257bd146ca5a1721acf9c0e2417013cc5e5fdbc94'),(48,26,9343,'Waynes Appliance Center May','https://platform.yashi.com/advertiser/creatives/preview/4e812297142eb9dd59b73dd02f7e184d23d6aacaea744230d011d2a58545fec6'),(49,27,9344,'Fisher Tell City May 2016','https://platform.yashi.com/advertiser/creatives/preview/fbb741c9d24fc6c082027319c6dc05d45cf274a8c121cc2f70f1c7be84cc0d9e'),(50,28,9345,'Dixons May 2016','https://platform.yashi.com/advertiser/creatives/preview/3b1cffa09fa21123f1218cc7531e9c278ef9a19e5c329352201514b74f8a75fd'),(51,29,9403,'BaldwinAppliance_May16','https://platform.yashi.com/advertiser/creatives/preview/4efc2a6cff6cf641f67daa9c610c7201e59095587ea6aaef8684445af29e8198'),(52,30,9402,'HTCDG-BaldwinAppliance_April16','https://platform.yashi.com/advertiser/creatives/preview/2044ea77d959f08ee64b2700604f6aaf335c23035fb2ce70bb9ace0edcb42107'),(53,31,9407,'Green River_may2016 ','https://platform.yashi.com/advertiser/creatives/preview/3da2a3d6ebc422611676e5e7e9e4e51e244ed70407a4f97c574a863ff787ddb5'),(54,32,9568,'Central Valley Crime Stoppers May','https://platform.yashi.com/advertiser/creatives/preview/646a135d72067744a334416841d96b8cf476a279644aa25fa5d2ebe1ee25fb9e'),(55,26,9585,'Waynes May Restonic','https://platform.yashi.com/advertiser/creatives/preview/2d81b99667b11fc07fda4723bdacef6d0336429f250f2e1bcf086c70d2296d39'),(56,26,9584,'Waynes May electrolux','https://platform.yashi.com/advertiser/creatives/preview/61f46c17861a1b565a72363644e0bbc994c51c75e77a8b346160fc68c41468d6');
/*!40000 ALTER TABLE `zz__yashi_creative` ENABLE KEYS */;
UNLOCK TABLES;

--
-- Table structure for table `zz__yashi_creative_data`
--

DROP TABLE IF EXISTS `zz__yashi_creative_data`;
/*!40101 SET @saved_cs_client     = @@character_set_client */;
/*!50503 SET character_set_client = utf8mb4 */;
CREATE TABLE `zz__yashi_creative_data` (
  `id` int NOT NULL AUTO_INCREMENT,
  `creative_id` int unsigned DEFAULT NULL,
  `log_date` int DEFAULT NULL,
  `impression_count` int DEFAULT NULL,
  `click_count` int DEFAULT NULL,
  `25viewed_count` int DEFAULT NULL,
  `50viewed_count` int DEFAULT NULL,
  `75viewed_count` int DEFAULT NULL,
  `100viewed_count` int DEFAULT NULL,
  PRIMARY KEY (`id`),
  UNIQUE KEY `creative_id_UNIQUE` (`creative_id`,`log_date`),
  KEY `fk_zz__yashi_creative_data_creative_id_idx` (`creative_id`),
  CONSTRAINT `fk_zz__yashi_creative_data_creative_id` FOREIGN KEY (`creative_id`) REFERENCES `zz__yashi_creative` (`creative_id`) ON DELETE CASCADE
) ENGINE=InnoDB AUTO_INCREMENT=527 DEFAULT CHARSET=utf8;
/*!40101 SET character_set_client = @saved_cs_client */;

--
-- Dumping data for table `zz__yashi_creative_data`
--

LOCK TABLES `zz__yashi_creative_data` WRITE;
/*!40000 ALTER TABLE `zz__yashi_creative_data` DISABLE KEYS */;
INSERT INTO `zz__yashi_creative_data` VALUES (264,29,1462075200,641,3,554,556,530,485),(265,30,1462075200,223,0,191,194,190,193),(266,31,1462075200,221,0,190,192,171,169),(267,32,1462075200,20,1,9,10,9,9),(268,33,1462075200,41,1,23,21,21,21),(269,34,1462075200,370,0,319,329,317,295),(270,35,1462075200,345,0,295,294,278,265),(271,36,1462075200,70,0,64,63,56,51),(272,37,1462075200,90,0,87,82,79,68),(273,38,1462075200,100,0,90,88,81,84),(274,39,1462075200,106,0,91,89,83,77),(275,40,1462075200,219,0,175,196,181,177),(276,41,1462075200,230,0,208,189,188,173),(277,42,1462075200,83,0,74,77,73,68),(278,43,1462075200,68,0,60,59,58,52),(279,44,1462075200,77,0,67,63,64,59),(280,45,1462075200,67,0,55,55,54,51),(281,38,1462248000,99,0,90,92,87,84),(282,39,1462248000,104,0,94,89,87,83),(283,40,1462248000,222,0,198,197,191,178),(284,41,1462248000,221,0,192,196,192,186),(285,34,1462248000,361,0,316,318,302,281),(286,35,1462248000,338,0,298,299,281,268),(287,30,1462248000,216,0,188,190,172,167),(288,31,1462248000,222,0,193,192,179,170),(289,36,1462248000,127,0,112,114,105,102),(290,37,1462248000,145,0,126,121,113,109),(291,32,1462248000,149,1,80,78,75,71),(292,33,1462248000,135,0,55,52,47,49),(293,29,1462248000,1130,4,978,944,888,846),(294,42,1462248000,116,0,99,95,94,89),(295,43,1462248000,139,0,122,124,116,113),(296,44,1462248000,110,0,98,96,93,92),(297,45,1462248000,98,0,85,85,81,75),(298,38,1462507200,94,0,82,81,77,72),(299,39,1462507200,118,0,101,98,94,83),(300,40,1462507200,216,0,193,195,187,183),(301,41,1462507200,231,0,192,189,184,183),(302,46,1462507200,122,0,98,90,82,75),(303,47,1462507200,131,0,111,101,91,88),(304,34,1462507200,380,0,309,309,289,260),(305,35,1462507200,343,0,295,289,266,244),(306,30,1462507200,221,0,183,184,181,172),(307,31,1462507200,233,0,196,183,176,161),(308,36,1462507200,84,0,60,67,56,50),(309,37,1462507200,73,0,58,63,57,55),(310,32,1462507200,79,0,44,42,34,28),(311,33,1462507200,53,0,25,24,25,18),(312,29,1462507200,844,0,743,720,688,659),(313,42,1462507200,73,0,64,68,65,60),(314,43,1462507200,68,0,60,59,57,52),(315,44,1462507200,59,0,51,52,48,42),(316,45,1462507200,69,0,62,58,57,52),(317,38,1462680000,98,0,90,81,79,78),(318,39,1462680000,110,0,100,98,87,80),(319,40,1462680000,244,0,218,216,213,199),(320,41,1462680000,207,0,180,179,167,156),(321,46,1462680000,285,0,259,245,228,202),(322,47,1462680000,285,0,255,244,234,219),(323,34,1462680000,351,0,305,304,292,277),(324,35,1462680000,367,0,325,321,307,293),(325,30,1462680000,230,0,201,203,185,176),(326,31,1462680000,241,0,201,206,199,198),(327,36,1462680000,67,0,64,60,56,50),(328,37,1462680000,64,0,60,57,56,53),(329,32,1462680000,104,0,83,85,84,71),(330,33,1462680000,190,0,146,142,128,116),(331,29,1462680000,732,0,657,636,611,569),(332,42,1462680000,59,0,52,52,46,46),(333,43,1462680000,67,0,60,58,57,53),(334,44,1462680000,67,0,60,61,58,56),(335,45,1462680000,72,0,68,65,66,59),(336,38,1462852800,105,0,85,91,87,85),(337,39,1462852800,105,0,87,90,86,84),(338,40,1462852800,232,0,202,198,196,179),(339,41,1462852800,218,0,198,198,187,178),(340,46,1462852800,310,0,255,244,232,217),(341,47,1462852800,275,0,236,224,213,203),(342,34,1462852800,357,0,311,309,293,269),(343,35,1462852800,360,1,318,317,301,277),(344,30,1462852800,212,0,184,188,172,156),(345,31,1462852800,254,0,213,216,205,198),(346,36,1462852800,94,0,72,73,71,66),(347,37,1462852800,86,0,69,68,61,57),(348,32,1462852800,154,0,82,80,67,60),(349,33,1462852800,130,0,72,75,65,58),(350,29,1462852800,1131,0,996,949,891,841),(351,42,1462852800,48,0,42,39,40,37),(352,43,1462852800,65,0,59,60,59,55),(353,44,1462852800,86,0,75,74,69,63),(354,45,1462852800,68,0,58,51,47,44),(355,38,1463025600,97,0,81,80,70,61),(356,39,1463025600,112,0,94,97,85,80),(357,40,1463025600,244,0,209,209,201,189),(358,41,1463025600,207,0,171,172,168,163),(359,46,1463025600,106,0,86,91,86,84),(360,47,1463025600,100,0,87,86,82,82),(361,34,1463025600,360,0,320,320,310,288),(362,35,1463025600,358,0,298,299,280,257),(363,30,1463025600,225,0,193,186,177,157),(364,31,1463025600,221,0,193,194,174,153),(365,36,1463025600,105,0,89,87,82,77),(366,37,1463025600,96,2,74,75,69,62),(367,32,1463025600,147,0,87,82,79,72),(368,33,1463025600,161,1,101,95,90,76),(369,29,1463025600,1073,1,917,882,833,785),(370,42,1463025600,86,0,77,76,72,70),(371,43,1463025600,90,0,76,74,69,63),(372,44,1463025600,79,0,69,68,65,62),(373,45,1463025600,92,0,81,76,73,68),(374,39,1463198400,208,0,191,188,173,162),(375,41,1463198400,447,0,400,390,361,354),(376,47,1463198400,206,0,191,183,178,161),(377,34,1463198400,719,0,635,629,590,544),(378,31,1463198400,453,0,395,386,371,349),(379,37,1463198400,191,0,162,171,163,149),(380,33,1463198400,285,1,161,142,133,129),(381,29,1463198400,712,0,614,601,559,520),(382,42,1463198400,87,0,79,73,67,58),(383,43,1463198400,89,0,87,83,76,73),(384,44,1463198400,80,0,78,76,73,72),(385,45,1463198400,87,0,79,78,73,67),(386,39,1463371200,206,0,183,177,159,155),(387,41,1463371200,450,0,398,388,372,361),(388,47,1463371200,206,0,180,179,165,161),(389,34,1463371200,722,0,614,597,573,543),(390,31,1463371200,458,0,408,411,386,375),(391,37,1463371200,302,1,253,238,229,207),(392,33,1463371200,323,0,171,168,153,142),(393,29,1463371200,1182,0,1021,1009,949,905),(394,42,1463371200,224,0,195,185,170,157),(395,43,1463371200,216,0,188,181,166,156),(396,44,1463371200,210,0,176,170,160,147),(397,45,1463371200,227,0,186,184,170,160),(398,39,1463544000,204,0,175,179,166,156),(399,41,1463544000,452,1,388,386,371,354),(400,47,1463544000,205,0,189,182,173,160),(401,34,1463544000,718,1,618,598,578,542),(402,31,1463544000,451,0,392,388,358,328),(403,37,1463544000,306,0,236,231,221,198),(404,33,1463544000,310,1,161,155,154,133),(405,29,1463544000,1038,0,900,884,845,800),(406,48,1463544000,634,6,504,477,454,422),(407,49,1463544000,667,3,453,403,361,335),(408,50,1463544000,608,2,490,457,440,405),(409,42,1463544000,243,0,203,194,183,173),(410,43,1463544000,241,0,203,191,180,166),(411,44,1463544000,265,1,224,219,205,190),(412,45,1463544000,262,0,215,215,187,173),(413,39,1463716800,207,0,186,180,170,166),(414,41,1463716800,448,0,398,388,369,352),(415,47,1463716800,206,1,192,187,173,157),(416,34,1463716800,718,0,631,627,596,550),(417,31,1463716800,449,0,402,397,380,356),(418,37,1463716800,270,0,224,220,205,184),(419,33,1463716800,321,0,252,239,222,198),(420,29,1463716800,979,0,874,852,817,754),(421,48,1463716800,1621,9,1290,1190,1126,997),(422,49,1463716800,1597,5,977,796,675,595),(423,50,1463716800,1603,9,1266,1155,1069,962),(424,51,1463716800,114,0,92,82,75,69),(425,52,1463716800,563,6,456,402,371,321),(426,53,1463716800,149,1,89,78,72,64),(427,42,1463716800,64,0,58,54,52,45),(428,43,1463716800,91,0,74,68,67,61),(429,44,1463716800,86,0,74,74,73,66),(430,45,1463716800,80,0,71,69,65,50),(431,39,1463889600,204,0,184,181,172,159),(432,41,1463889600,450,0,382,376,353,337),(433,47,1463889600,206,2,193,186,171,164),(434,34,1463889600,718,0,616,615,586,526),(435,31,1463889600,455,0,411,409,391,352),(436,37,1463889600,197,0,174,169,161,142),(437,33,1463889600,317,1,239,233,218,199),(438,29,1463889600,644,0,547,535,505,470),(439,48,1463889600,1614,8,1312,1174,1090,988),(440,49,1463889600,1620,1,1091,931,816,727),(441,50,1463889600,1590,9,1231,1116,1032,917),(442,51,1463889600,105,1,80,68,60,54),(443,52,1463889600,239,2,189,169,160,145),(444,53,1463889600,233,0,162,141,133,124),(445,42,1463889600,92,0,82,77,75,65),(446,43,1463889600,86,0,80,74,69,64),(447,44,1463889600,68,0,62,61,58,53),(448,45,1463889600,72,0,70,64,60,58),(449,39,1464062400,208,0,171,167,158,148),(450,41,1464062400,449,0,391,377,367,336),(451,47,1464062400,206,0,185,173,163,156),(452,34,1464062400,720,0,604,605,570,543),(453,31,1464062400,449,0,387,388,361,354),(454,37,1464062400,266,0,205,205,192,176),(455,33,1464062400,350,2,297,275,277,254),(456,29,1464062400,708,1,612,607,578,541),(457,48,1464062400,1585,5,1286,1175,1097,965),(458,49,1464062400,1612,5,1124,939,838,766),(459,50,1464062400,1594,13,1272,1157,1079,990),(460,51,1464062400,244,1,199,180,160,130),(461,52,1464062400,380,5,290,251,247,227),(462,53,1464062400,210,1,136,115,100,90),(463,42,1464062400,79,0,70,66,62,58),(464,43,1464062400,85,0,79,73,72,65),(465,44,1464062400,71,0,63,60,58,54),(466,45,1464062400,86,0,77,75,66,62),(467,54,1464235200,3428,13,2312,2144,1959,1779),(468,55,1464235200,7,1,5,3,3,3),(469,56,1464235200,15,1,11,11,11,11),(470,48,1464235200,1004,7,754,699,651,586),(471,49,1464235200,1582,2,890,772,683,601),(472,50,1464235200,1590,15,1235,1136,1057,976),(473,51,1464235200,3726,13,2748,2440,2229,1878),(474,52,1464235200,3872,14,2785,2501,2312,2034),(475,53,1464235200,1802,4,947,805,706,625),(476,39,1464235200,206,0,190,182,167,150),(477,41,1464235200,448,0,407,391,367,346),(478,47,1464235200,221,0,190,187,172,166),(479,34,1464235200,721,0,617,600,574,531),(480,31,1464235200,452,0,403,395,379,350),(481,37,1464235200,207,0,176,179,161,159),(482,33,1464235200,255,1,186,186,179,159),(483,29,1464235200,128,0,114,119,112,107),(484,42,1464235200,72,1,62,62,53,50),(485,43,1464235200,86,0,73,75,70,65),(486,44,1464235200,67,0,59,53,51,48),(487,45,1464235200,85,0,77,75,67,64),(488,54,1464408000,3355,10,2173,1980,1830,1628),(489,55,1464408000,200,3,162,145,137,124),(490,56,1464408000,192,3,136,131,124,109),(491,49,1464408000,1550,6,975,865,777,711),(492,50,1464408000,1635,13,1311,1233,1170,1060),(493,51,1464408000,1771,8,1254,1151,1056,928),(494,52,1464408000,1883,8,1312,1178,1085,938),(495,53,1464408000,1835,2,1090,955,873,772),(496,39,1464408000,205,1,187,181,175,160),(497,41,1464408000,451,0,369,359,334,324),(498,47,1464408000,210,1,176,181,160,157),(499,34,1464408000,701,1,619,602,564,518),(500,31,1464408000,448,0,412,398,370,359),(501,37,1464408000,180,1,140,137,132,119),(502,33,1464408000,392,0,271,271,257,247),(503,29,1464408000,147,0,138,138,136,130),(504,42,1464408000,76,0,74,74,71,63),(505,43,1464408000,75,0,64,64,62,54),(506,44,1464408000,65,0,64,59,58,54),(507,45,1464408000,74,0,69,65,58,53),(508,54,1464580800,3330,16,2261,2002,1841,1681),(509,55,1464580800,108,1,81,65,61,52),(510,56,1464580800,104,2,73,62,57,51),(511,49,1464580800,1892,3,1320,1183,1036,937),(512,50,1464580800,1867,8,1408,1316,1233,1133),(513,52,1464580800,4257,13,3184,2869,2638,2298),(514,53,1464580800,2132,6,1372,1238,1149,1022),(515,39,1464580800,206,0,182,178,186,161),(516,41,1464580800,457,0,385,376,360,328),(517,47,1464580800,156,0,143,130,126,122),(518,34,1464580800,477,1,414,418,400,362),(519,31,1464580800,450,0,381,379,357,340),(520,37,1464580800,139,1,115,118,107,97),(521,33,1464580800,290,0,192,171,159,137),(522,29,1464580800,43,0,35,34,28,21),(523,42,1464580800,90,0,80,76,71,62),(524,43,1464580800,83,0,70,67,59,55),(525,44,1464580800,69,0,65,56,56,49),(526,45,1464580800,96,0,82,76,74,68);
/*!40000 ALTER TABLE `zz__yashi_creative_data` ENABLE KEYS */;
UNLOCK TABLES;

--
-- Table structure for table `zz__yashi_order`
--

DROP TABLE IF EXISTS `zz__yashi_order`;
/*!40101 SET @saved_cs_client     = @@character_set_client */;
/*!50503 SET character_set_client = utf8mb4 */;
CREATE TABLE `zz__yashi_order` (
  `order_id` int unsigned NOT NULL AUTO_INCREMENT,
  `campaign_id` int unsigned DEFAULT NULL,
  `yashi_order_id` int DEFAULT NULL,
  `name` varchar(200) DEFAULT NULL,
  PRIMARY KEY (`order_id`),
  KEY `fk_zz__yashi_order_campaign_id_idx` (`campaign_id`),
  CONSTRAINT `fk_zz__yashi_order_campaign_id` FOREIGN KEY (`campaign_id`) REFERENCES `zz__yashi_cgn` (`campaign_id`) ON DELETE CASCADE
) ENGINE=InnoDB AUTO_INCREMENT=33 DEFAULT CHARSET=utf8;
/*!40101 SET character_set_client = @saved_cs_client */;

--
-- Dumping data for table `zz__yashi_order`
--

LOCK TABLES `zz__yashi_order` WRITE;
/*!40000 ALTER TABLE `zz__yashi_order` DISABLE KEYS */;
INSERT INTO `zz__yashi_order` VALUES (17,537,6007,'Potter & Anderson Jewelers-WMBD-Video-Apr-June16'),(18,538,5980,'Roberts Communication-B2B-WROC-Video-Finger Lakes-Apr-June16'),(19,538,5988,'Roberts Communication-Residential-WROC-Video-FingerLakes-Apr-June16'),(20,538,5972,'Roberts Communication-B2B-WROC-Video-Rochester-Apr-June16'),(21,538,5977,'Roberts Communication-B2B-WROC-Video-Sullivan County-Apr-June16'),(22,538,5973,'Roberts Communication-B2B-WROC-Video-Binghamton-Apr-June16'),(23,538,5979,'Roberts Communication-B2B-WROC-Video-Westchester-Apr-June16'),(24,539,5280,'March-June16'),(25,538,5975,'Roberts Communication-B2B-WROC-Video-Elmira-Apr-June16'),(26,540,6342,'Waynes_May2016'),(27,541,6343,'Fischer\'s_May2016'),(28,542,6344,'Dixons_May_2016'),(29,543,6373,'40%_Baldwin_Mayl2016'),(30,543,6372,'60%_BaldwinsAppliance_May2016'),(31,544,6374,'GreenRiverAppliance_May2016'),(32,545,6437,'CentralValleyCrimeStoppers_May2016Video');
/*!40000 ALTER TABLE `zz__yashi_order` ENABLE KEYS */;
UNLOCK TABLES;

--
-- Table structure for table `zz__yashi_order_data`
--

DROP TABLE IF EXISTS `zz__yashi_order_data`;
/*!40101 SET @saved_cs_client     = @@character_set_client */;
/*!50503 SET character_set_client = utf8mb4 */;
CREATE TABLE `zz__yashi_order_data` (
  `id` int NOT NULL AUTO_INCREMENT,
  `order_id` int unsigned DEFAULT NULL,
  `log_date` int DEFAULT NULL,
  `impression_count` int DEFAULT NULL,
  `click_count` int DEFAULT NULL,
  `25viewed_count` int DEFAULT NULL,
  `50viewed_count` int DEFAULT NULL,
  `75viewed_count` int DEFAULT NULL,
  `100viewed_count` int DEFAULT NULL,
  PRIMARY KEY (`id`),
  UNIQUE KEY `order_id` (`order_id`,`log_date`),
  KEY `fk_zz__yashi_order_data_order_id_idx` (`order_id`),
  CONSTRAINT `fk_zz__yashi_order_data_order_id` FOREIGN KEY (`order_id`) REFERENCES `zz__yashi_order` (`order_id`) ON DELETE CASCADE
) ENGINE=InnoDB AUTO_INCREMENT=349 DEFAULT CHARSET=utf8;
/*!40101 SET character_set_client = @saved_cs_client */;

--
-- Dumping data for table `zz__yashi_order_data`
--

LOCK TABLES `zz__yashi_order_data` WRITE;
/*!40000 ALTER TABLE `zz__yashi_order_data` DISABLE KEYS */;
INSERT INTO `zz__yashi_order_data` VALUES (175,17,1462075200,641,3,554,556,530,485),(176,18,1462075200,223,0,191,194,190,193),(177,19,1462075200,20,1,9,10,9,9),(178,20,1462075200,370,0,319,329,317,295),(179,21,1462075200,70,0,64,63,56,51),(180,22,1462075200,100,0,90,88,81,84),(181,23,1462075200,219,0,175,196,181,177),(182,24,1462075200,83,0,74,77,73,68),(183,22,1462248000,99,0,90,92,87,84),(184,23,1462248000,222,0,198,197,191,178),(185,20,1462248000,361,0,316,318,302,281),(186,18,1462248000,216,0,188,190,172,167),(187,21,1462248000,127,0,112,114,105,102),(188,19,1462248000,149,1,80,78,75,71),(189,17,1462248000,1130,4,978,944,888,846),(190,24,1462248000,116,0,99,95,94,89),(191,22,1462507200,94,0,82,81,77,72),(192,23,1462507200,216,0,193,195,187,183),(193,25,1462507200,122,0,98,90,82,75),(194,20,1462507200,380,0,309,309,289,260),(195,18,1462507200,221,0,183,184,181,172),(196,21,1462507200,84,0,60,67,56,50),(197,19,1462507200,79,0,44,42,34,28),(198,17,1462507200,844,0,743,720,688,659),(199,24,1462507200,73,0,64,68,65,60),(200,22,1462680000,98,0,90,81,79,78),(201,23,1462680000,244,0,218,216,213,199),(202,25,1462680000,285,0,259,245,228,202),(203,20,1462680000,351,0,305,304,292,277),(204,18,1462680000,230,0,201,203,185,176),(205,21,1462680000,67,0,64,60,56,50),(206,19,1462680000,104,0,83,85,84,71),(207,17,1462680000,732,0,657,636,611,569),(208,24,1462680000,59,0,52,52,46,46),(209,22,1462852800,105,0,85,91,87,85),(210,23,1462852800,232,0,202,198,196,179),(211,25,1462852800,310,0,255,244,232,217),(212,20,1462852800,357,0,311,309,293,269),(213,18,1462852800,212,0,184,188,172,156),(214,21,1462852800,94,0,72,73,71,66),(215,19,1462852800,154,0,82,80,67,60),(216,17,1462852800,1131,0,996,949,891,841),(217,24,1462852800,48,0,42,39,40,37),(218,22,1463025600,97,0,81,80,70,61),(219,23,1463025600,244,0,209,209,201,189),(220,25,1463025600,106,0,86,91,86,84),(221,20,1463025600,360,0,320,320,310,288),(222,18,1463025600,225,0,193,186,177,157),(223,21,1463025600,105,0,89,87,82,77),(224,19,1463025600,147,0,87,82,79,72),(225,17,1463025600,1073,1,917,882,833,785),(226,24,1463025600,86,0,77,76,72,70),(227,22,1463198400,208,0,191,188,173,162),(228,23,1463198400,447,0,400,390,361,354),(229,25,1463198400,206,0,191,183,178,161),(230,20,1463198400,719,0,635,629,590,544),(231,18,1463198400,453,0,395,386,371,349),(232,21,1463198400,191,0,162,171,163,149),(233,19,1463198400,285,1,161,142,133,129),(234,17,1463198400,712,0,614,601,559,520),(235,24,1463198400,87,0,79,73,67,58),(236,22,1463371200,206,0,183,177,159,155),(237,23,1463371200,450,0,398,388,372,361),(238,25,1463371200,206,0,180,179,165,161),(239,20,1463371200,722,0,614,597,573,543),(240,18,1463371200,458,0,408,411,386,375),(241,21,1463371200,302,1,253,238,229,207),(242,19,1463371200,323,0,171,168,153,142),(243,17,1463371200,1182,0,1021,1009,949,905),(244,24,1463371200,224,0,195,185,170,157),(245,22,1463544000,204,0,175,179,166,156),(246,23,1463544000,452,1,388,386,371,354),(247,25,1463544000,205,0,189,182,173,160),(248,20,1463544000,718,1,618,598,578,542),(249,18,1463544000,451,0,392,388,358,328),(250,21,1463544000,306,0,236,231,221,198),(251,19,1463544000,310,1,161,155,154,133),(252,17,1463544000,1038,0,900,884,845,800),(253,26,1463544000,634,6,504,477,454,422),(254,27,1463544000,667,3,453,403,361,335),(255,28,1463544000,608,2,490,457,440,405),(256,24,1463544000,243,0,203,194,183,173),(257,22,1463716800,207,0,186,180,170,166),(258,23,1463716800,448,0,398,388,369,352),(259,25,1463716800,206,1,192,187,173,157),(260,20,1463716800,718,0,631,627,596,550),(261,18,1463716800,449,0,402,397,380,356),(262,21,1463716800,270,0,224,220,205,184),(263,19,1463716800,321,0,252,239,222,198),(264,17,1463716800,979,0,874,852,817,754),(265,26,1463716800,1621,9,1290,1190,1126,997),(266,27,1463716800,1597,5,977,796,675,595),(267,28,1463716800,1603,9,1266,1155,1069,962),(268,29,1463716800,114,0,92,82,75,69),(269,30,1463716800,563,6,456,402,371,321),(270,31,1463716800,149,1,89,78,72,64),(271,24,1463716800,64,0,58,54,52,45),(272,22,1463889600,204,0,184,181,172,159),(273,23,1463889600,450,0,382,376,353,337),(274,25,1463889600,206,2,193,186,171,164),(275,20,1463889600,718,0,616,615,586,526),(276,18,1463889600,455,0,411,409,391,352),(277,21,1463889600,197,0,174,169,161,142),(278,19,1463889600,317,1,239,233,218,199),(279,17,1463889600,644,0,547,535,505,470),(280,26,1463889600,1614,8,1312,1174,1090,988),(281,27,1463889600,1620,1,1091,931,816,727),(282,28,1463889600,1590,9,1231,1116,1032,917),(283,29,1463889600,105,1,80,68,60,54),(284,30,1463889600,239,2,189,169,160,145),(285,31,1463889600,233,0,162,141,133,124),(286,24,1463889600,92,0,82,77,75,65),(287,22,1464062400,208,0,171,167,158,148),(288,23,1464062400,449,0,391,377,367,336),(289,25,1464062400,206,0,185,173,163,156),(290,20,1464062400,720,0,604,605,570,543),(291,18,1464062400,449,0,387,388,361,354),(292,21,1464062400,266,0,205,205,192,176),(293,19,1464062400,350,2,297,275,277,254),(294,17,1464062400,708,1,612,607,578,541),(295,26,1464062400,1585,5,1286,1175,1097,965),(296,27,1464062400,1612,5,1124,939,838,766),(297,28,1464062400,1594,13,1272,1157,1079,990),(298,29,1464062400,244,1,199,180,160,130),(299,30,1464062400,380,5,290,251,247,227),(300,31,1464062400,210,1,136,115,100,90),(301,24,1464062400,79,0,70,66,62,58),(302,32,1464235200,3428,13,2312,2144,1959,1779),(303,26,1464235200,7,1,5,3,3,3),(304,27,1464235200,1582,2,890,772,683,601),(305,28,1464235200,1590,15,1235,1136,1057,976),(306,29,1464235200,3726,13,2748,2440,2229,1878),(307,30,1464235200,3872,14,2785,2501,2312,2034),(308,31,1464235200,1802,4,947,805,706,625),(309,22,1464235200,206,0,190,182,167,150),(310,23,1464235200,448,0,407,391,367,346),(311,25,1464235200,221,0,190,187,172,166),(312,20,1464235200,721,0,617,600,574,531),(313,18,1464235200,452,0,403,395,379,350),(314,21,1464235200,207,0,176,179,161,159),(315,19,1464235200,255,1,186,186,179,159),(316,17,1464235200,128,0,114,119,112,107),(317,24,1464235200,72,1,62,62,53,50),(318,32,1464408000,3355,10,2173,1980,1830,1628),(319,26,1464408000,200,3,162,145,137,124),(320,27,1464408000,1550,6,975,865,777,711),(321,28,1464408000,1635,13,1311,1233,1170,1060),(322,29,1464408000,1771,8,1254,1151,1056,928),(323,30,1464408000,1883,8,1312,1178,1085,938),(324,31,1464408000,1835,2,1090,955,873,772),(325,22,1464408000,205,1,187,181,175,160),(326,23,1464408000,451,0,369,359,334,324),(327,25,1464408000,210,1,176,181,160,157),(328,20,1464408000,701,1,619,602,564,518),(329,18,1464408000,448,0,412,398,370,359),(330,21,1464408000,180,1,140,137,132,119),(331,19,1464408000,392,0,271,271,257,247),(332,17,1464408000,147,0,138,138,136,130),(333,24,1464408000,76,0,74,74,71,63),(334,32,1464580800,3330,16,2261,2002,1841,1681),(335,26,1464580800,108,1,81,65,61,52),(336,27,1464580800,1892,3,1320,1183,1036,937),(337,28,1464580800,1867,8,1408,1316,1233,1133),(338,30,1464580800,4257,13,3184,2869,2638,2298),(339,31,1464580800,2132,6,1372,1238,1149,1022),(340,22,1464580800,206,0,182,178,186,161),(341,23,1464580800,457,0,385,376,360,328),(342,25,1464580800,156,0,143,130,126,122),(343,20,1464580800,477,1,414,418,400,362),(344,18,1464580800,450,0,381,379,357,340),(345,21,1464580800,139,1,115,118,107,97),(346,19,1464580800,290,0,192,171,159,137),(347,17,1464580800,43,0,35,34,28,21),(348,24,1464580800,90,0,80,76,71,62);
/*!40000 ALTER TABLE `zz__yashi_order_data` ENABLE KEYS */;
UNLOCK TABLES;
/*!40103 SET TIME_ZONE=@OLD_TIME_ZONE */;

/*!40101 SET SQL_MODE=@OLD_SQL_MODE */;
/*!40014 SET FOREIGN_KEY_CHECKS=@OLD_FOREIGN_KEY_CHECKS */;
/*!40014 SET UNIQUE_CHECKS=@OLD_UNIQUE_CHECKS */;
/*!40101 SET CHARACTER_SET_CLIENT=@OLD_CHARACTER_SET_CLIENT */;
/*!40101 SET CHARACTER_SET_RESULTS=@OLD_CHARACTER_SET_RESULTS */;
/*!40101 SET COLLATION_CONNECTION=@OLD_COLLATION_CONNECTION */;
/*!40111 SET SQL_NOTES=@OLD_SQL_NOTES */;

-- Dump completed on 2020-08-22 18:00:35
